passenger_number,Class,Sex,Age,Survived
1,2nd,Male,Adult,No
2,3rd,Male,Child,No
3,3rd,Male,Adult,No
4,Crew,Male,Adult,No
5,Crew,Male,Adult,No
6,2nd,Female,Child,Yes
7,1st,Male,Adult,Yes
8,Crew,Male,Adult,Yes
9,1st,Female,Adult,Yes
10,Crew,Male,Adult,No
11,Crew,Male,Adult,No
12,1st,Male,Child,Yes
13,Crew,Male,Adult,No
14,Crew,Male,Adult,No
15,Crew,Male,Adult,No
16,2nd,Male,Adult,No
17,3rd,Male,Adult,No
18,Crew,Male,Adult,No
19,3rd,Male,Adult,No
20,Crew,Male,Adult,No
21,3rd,Male,Child,No
22,3rd,Female,Adult,No
23,3rd,Male,Adult,No
24,1st,Female,Adult,Yes
25,2nd,Male,Adult,No
26,1st,Female,Adult,Yes
27,2nd,Male,Adult,Yes
28,3rd,Male,Adult,No
29,3rd,Female,Adult,No
30,3rd,Female,Adult,Yes
31,Crew,Male,Adult,No
32,Crew,Male,Adult,No
33,1st,Female,Adult,Yes
34,2nd,Female,Adult,Yes
35,1st,Male,Adult,No
36,3rd,Female,Adult,No
37,3rd,Female,Child,No
38,3rd,Female,Adult,Yes
39,3rd,Female,Adult,No
40,3rd,Male,Adult,No
41,3rd,Male,Adult,No
42,3rd,Male,Child,No
43,1st,Male,Adult,Yes
44,3rd,Male,Adult,No
45,3rd,Male,Adult,No
46,Crew,Male,Adult,No
47,Crew,Male,Adult,No
48,Crew,Male,Adult,No
49,3rd,Male,Adult,No
50,Crew,Male,Adult,No
51,3rd,Male,Adult,No
52,Crew,Male,Adult,Yes
53,Crew,Male,Adult,No
54,Crew,Male,Adult,No
55,2nd,Male,Adult,No
56,3rd,Female,Adult,Yes
57,2nd,Male,Adult,No
58,1st,Male,Adult,Yes
59,Crew,Male,Adult,No
60,Crew,Male,Adult,No
61,1st,Female,Adult,Yes
62,Crew,Male,Adult,No
63,3rd,Male,Adult,Yes
64,3rd,Male,Adult,No
65,Crew,Male,Adult,No
66,3rd,Male,Adult,No
67,Crew,Male,Adult,No
68,3rd,Male,Adult,Yes
69,2nd,Male,Adult,No
70,1st,Female,Adult,Yes
71,1st,Male,Adult,Yes
72,Crew,Male,Adult,No
73,3rd,Female,Adult,No
74,Crew,Male,Adult,Yes
75,2nd,Male,Adult,No
76,3rd,Male,Adult,Yes
77,3rd,Male,Adult,No
78,1st,Female,Adult,Yes
79,1st,Male,Adult,Yes
80,Crew,Male,Adult,No
81,Crew,Male,Adult,Yes
82,3rd,Female,Adult,Yes
83,Crew,Male,Adult,Yes
84,Crew,Male,Adult,No
85,2nd,Female,Adult,Yes
86,Crew,Male,Adult,Yes
87,1st,Male,Adult,No
88,Crew,Male,Adult,No
89,3rd,Male,Adult,Yes
90,Crew,Male,Adult,No
91,Crew,Male,Adult,No
92,1st,Male,Adult,Yes
93,3rd,Male,Adult,No
94,Crew,Male,Adult,No
95,Crew,Male,Adult,Yes
96,1st,Male,Adult,No
97,2nd,Male,Adult,No
98,Crew,Male,Adult,No
99,3rd,Male,Adult,No
100,3rd,Female,Adult,No
101,1st,Female,Adult,Yes
102,1st,Female,Adult,Yes
103,2nd,Male,Adult,No
104,3rd,Female,Adult,No
105,2nd,Female,Adult,Yes
106,3rd,Male,Adult,No
107,3rd,Male,Child,No
108,Crew,Male,Adult,No
109,2nd,Male,Adult,No
110,3rd,Male,Adult,No
111,3rd,Male,Adult,Yes
112,2nd,Female,Adult,Yes
113,3rd,Female,Adult,Yes
114,Crew,Male,Adult,No
115,2nd,Male,Adult,No
116,Crew,Male,Adult,Yes
117,2nd,Male,Adult,No
118,Crew,Male,Adult,Yes
119,Crew,Male,Adult,No
120,3rd,Male,Adult,No
121,3rd,Male,Adult,No
122,Crew,Male,Adult,No
123,2nd,Male,Adult,No
124,Crew,Male,Adult,Yes
125,Crew,Male,Adult,Yes
126,Crew,Male,Adult,No
127,1st,Female,Adult,Yes
128,3rd,Male,Adult,Yes
129,2nd,Female,Adult,Yes
130,3rd,Male,Adult,No
131,3rd,Male,Child,Yes
132,Crew,Male,Adult,No
133,Crew,Male,Adult,Yes
134,3rd,Male,Adult,No
135,Crew,Male,Adult,No
136,3rd,Male,Adult,No
137,2nd,Female,Child,Yes
138,3rd,Male,Adult,No
139,2nd,Male,Adult,No
140,Crew,Male,Adult,Yes
141,1st,Male,Adult,No
142,Crew,Female,Adult,Yes
143,Crew,Male,Adult,No
144,3rd,Male,Adult,No
145,Crew,Male,Adult,No
146,3rd,Male,Adult,No
147,2nd,Male,Adult,No
148,3rd,Female,Adult,Yes
149,2nd,Female,Adult,Yes
150,Crew,Male,Adult,No
151,3rd,Male,Adult,No
152,Crew,Male,Adult,No
153,Crew,Male,Adult,Yes
154,3rd,Female,Adult,Yes
155,3rd,Female,Adult,No
156,Crew,Male,Adult,Yes
157,3rd,Female,Adult,Yes
158,2nd,Male,Adult,No
159,Crew,Male,Adult,Yes
160,Crew,Male,Adult,No
161,1st,Female,Adult,Yes
162,Crew,Male,Adult,No
163,2nd,Male,Child,Yes
164,3rd,Female,Adult,Yes
165,3rd,Male,Adult,No
166,3rd,Male,Adult,No
167,2nd,Male,Adult,No
168,Crew,Male,Adult,No
169,3rd,Male,Adult,No
170,Crew,Male,Adult,No
171,Crew,Male,Adult,No
172,Crew,Male,Adult,No
173,3rd,Female,Adult,No
174,Crew,Male,Adult,Yes
175,Crew,Male,Adult,No
176,Crew,Male,Adult,No
177,2nd,Male,Adult,Yes
178,2nd,Male,Adult,No
179,3rd,Male,Adult,No
180,2nd,Male,Adult,No
181,2nd,Female,Adult,Yes
182,Crew,Male,Adult,No
183,1st,Female,Adult,Yes
184,Crew,Male,Adult,No
185,3rd,Female,Adult,Yes
186,1st,Female,Adult,Yes
187,1st,Female,Adult,Yes
188,1st,Male,Adult,No
189,Crew,Male,Adult,Yes
190,1st,Female,Adult,Yes
191,Crew,Male,Adult,Yes
192,Crew,Male,Adult,Yes
193,1st,Male,Adult,No
194,2nd,Female,Adult,Yes
195,Crew,Male,Adult,Yes
196,Crew,Male,Adult,Yes
197,Crew,Male,Adult,No
198,2nd,Male,Adult,No
199,3rd,Female,Child,No
200,Crew,Male,Adult,Yes
201,Crew,Male,Adult,No
202,1st,Male,Adult,No
203,Crew,Male,Adult,No
204,Crew,Male,Adult,No
205,Crew,Male,Adult,No
206,Crew,Male,Adult,No
207,1st,Female,Adult,Yes
208,3rd,Male,Adult,No
209,Crew,Male,Adult,No
210,1st,Male,Adult,No
211,1st,Female,Adult,Yes
212,Crew,Male,Adult,No
213,3rd,Female,Adult,Yes
214,Crew,Male,Adult,No
215,1st,Female,Adult,Yes
216,3rd,Male,Adult,No
217,1st,Male,Adult,No
218,Crew,Male,Adult,No
219,3rd,Female,Child,Yes
220,Crew,Male,Adult,No
221,3rd,Male,Adult,No
222,1st,Male,Adult,No
223,Crew,Male,Adult,No
224,3rd,Male,Adult,No
225,Crew,Male,Adult,No
226,Crew,Male,Adult,No
227,2nd,Female,Adult,Yes
228,2nd,Female,Child,Yes
229,3rd,Male,Adult,No
230,Crew,Male,Adult,No
231,Crew,Male,Adult,No
232,Crew,Male,Adult,No
233,2nd,Male,Adult,No
234,Crew,Male,Adult,No
235,1st,Female,Adult,Yes
236,3rd,Male,Adult,Yes
237,1st,Male,Adult,Yes
238,Crew,Male,Adult,No
239,2nd,Female,Adult,Yes
240,1st,Female,Adult,Yes
241,3rd,Male,Adult,Yes
242,2nd,Male,Adult,No
243,Crew,Female,Adult,Yes
244,3rd,Male,Adult,No
245,1st,Male,Adult,No
246,3rd,Female,Child,No
247,2nd,Male,Adult,No
248,2nd,Female,Adult,Yes
249,2nd,Male,Adult,No
250,Crew,Male,Adult,Yes
251,3rd,Male,Adult,No
252,Crew,Male,Adult,No
253,3rd,Male,Adult,No
254,Crew,Male,Adult,No
255,2nd,Female,Adult,Yes
256,3rd,Female,Adult,No
257,Crew,Male,Adult,No
258,Crew,Male,Adult,No
259,2nd,Female,Adult,Yes
260,Crew,Male,Adult,No
261,2nd,Male,Adult,No
262,Crew,Male,Adult,Yes
263,2nd,Male,Adult,No
264,1st,Male,Adult,No
265,3rd,Male,Adult,No
266,3rd,Male,Adult,No
267,Crew,Male,Adult,No
268,Crew,Male,Adult,No
269,Crew,Female,Adult,Yes
270,3rd,Female,Adult,No
271,Crew,Female,Adult,Yes
272,Crew,Male,Adult,Yes
273,Crew,Male,Adult,No
274,2nd,Male,Adult,No
275,Crew,Male,Adult,No
276,3rd,Male,Adult,No
277,Crew,Male,Adult,No
278,1st,Male,Adult,No
279,1st,Male,Adult,No
280,3rd,Male,Adult,Yes
281,Crew,Male,Adult,No
282,Crew,Male,Adult,No
283,3rd,Female,Adult,No
284,Crew,Male,Adult,No
285,3rd,Male,Adult,Yes
286,3rd,Female,Child,No
287,Crew,Male,Adult,Yes
288,1st,Male,Adult,Yes
289,3rd,Male,Adult,No
290,3rd,Male,Child,No
291,3rd,Male,Adult,No
292,2nd,Female,Adult,Yes
293,Crew,Male,Adult,No
294,3rd,Male,Adult,Yes
295,1st,Male,Adult,No
296,Crew,Male,Adult,No
297,1st,Male,Adult,Yes
298,Crew,Male,Adult,No
299,Crew,Male,Adult,Yes
300,2nd,Male,Adult,No
301,3rd,Female,Adult,Yes
302,2nd,Male,Adult,Yes
303,3rd,Female,Child,No
304,3rd,Male,Child,No
305,Crew,Male,Adult,No
306,3rd,Male,Adult,No
307,Crew,Male,Adult,Yes
308,1st,Female,Adult,Yes
309,3rd,Male,Adult,Yes
310,Crew,Male,Adult,No
311,3rd,Male,Adult,No
312,Crew,Male,Adult,No
313,3rd,Female,Adult,No
314,3rd,Male,Adult,No
315,1st,Female,Adult,Yes
316,Crew,Male,Adult,No
317,3rd,Female,Adult,No
318,3rd,Female,Child,Yes
319,2nd,Male,Adult,No
320,2nd,Female,Adult,Yes
321,2nd,Female,Adult,Yes
322,Crew,Male,Adult,Yes
323,3rd,Male,Adult,No
324,3rd,Male,Adult,No
325,Crew,Male,Adult,No
326,Crew,Male,Adult,No
327,2nd,Male,Adult,Yes
328,3rd,Male,Adult,Yes
329,3rd,Female,Child,No
330,Crew,Male,Adult,Yes
331,3rd,Male,Adult,No
332,1st,Male,Adult,Yes
333,Crew,Male,Adult,No
334,2nd,Male,Adult,No
335,Crew,Male,Adult,No
336,1st,Male,Adult,Yes
337,1st,Female,Adult,Yes
338,3rd,Male,Adult,No
339,Crew,Male,Adult,Yes
340,3rd,Male,Adult,No
341,Crew,Male,Adult,No
342,1st,Female,Adult,Yes
343,Crew,Male,Adult,No
344,Crew,Male,Adult,No
345,Crew,Male,Adult,No
346,1st,Male,Adult,No
347,3rd,Male,Adult,No
348,3rd,Male,Adult,No
349,3rd,Female,Adult,Yes
350,3rd,Male,Adult,No
351,Crew,Male,Adult,No
352,Crew,Male,Adult,Yes
353,Crew,Male,Adult,Yes
354,Crew,Male,Adult,Yes
355,Crew,Male,Adult,Yes
356,3rd,Female,Adult,Yes
357,1st,Male,Adult,No
358,2nd,Female,Adult,Yes
359,1st,Male,Adult,No
360,Crew,Male,Adult,No
361,Crew,Male,Adult,Yes
362,Crew,Male,Adult,Yes
363,Crew,Male,Adult,No
364,1st,Male,Adult,No
365,3rd,Male,Adult,No
366,2nd,Male,Adult,No
367,Crew,Male,Adult,Yes
368,3rd,Male,Child,No
369,Crew,Male,Adult,No
370,3rd,Male,Adult,No
371,Crew,Male,Adult,No
372,3rd,Male,Adult,Yes
373,1st,Male,Adult,No
374,3rd,Male,Adult,No
375,3rd,Male,Adult,No
376,3rd,Male,Adult,No
377,3rd,Male,Adult,Yes
378,3rd,Male,Adult,No
379,2nd,Male,Adult,No
380,1st,Male,Adult,No
381,1st,Male,Adult,No
382,3rd,Female,Adult,No
383,1st,Female,Adult,Yes
384,3rd,Male,Adult,No
385,Crew,Male,Adult,Yes
386,2nd,Male,Adult,No
387,Crew,Male,Adult,No
388,Crew,Male,Adult,No
389,3rd,Female,Adult,No
390,3rd,Female,Child,Yes
391,Crew,Male,Adult,No
392,Crew,Male,Adult,No
393,Crew,Male,Adult,No
394,1st,Female,Adult,Yes
395,3rd,Male,Adult,No
396,3rd,Male,Adult,No
397,3rd,Male,Adult,No
398,3rd,Male,Adult,No
399,Crew,Male,Adult,No
400,2nd,Male,Adult,No
401,2nd,Male,Child,Yes
402,3rd,Male,Adult,No
403,3rd,Female,Adult,Yes
404,2nd,Male,Adult,No
405,Crew,Male,Adult,Yes
406,3rd,Male,Child,No
407,3rd,Male,Adult,No
408,Crew,Male,Adult,No
409,3rd,Male,Adult,Yes
410,1st,Male,Adult,Yes
411,2nd,Female,Adult,Yes
412,3rd,Male,Adult,No
413,1st,Female,Adult,Yes
414,1st,Male,Adult,No
415,Crew,Male,Adult,No
416,3rd,Male,Adult,No
417,3rd,Male,Adult,No
418,Crew,Male,Adult,No
419,Crew,Male,Adult,No
420,2nd,Male,Adult,No
421,Crew,Male,Adult,No
422,3rd,Male,Adult,No
423,Crew,Male,Adult,No
424,Crew,Male,Adult,No
425,3rd,Male,Adult,No
426,Crew,Male,Adult,No
427,3rd,Male,Adult,Yes
428,Crew,Male,Adult,No
429,2nd,Male,Adult,No
430,3rd,Male,Adult,Yes
431,Crew,Male,Adult,No
432,Crew,Male,Adult,No
433,Crew,Male,Adult,No
434,Crew,Male,Adult,No
435,1st,Female,Adult,Yes
436,3rd,Male,Adult,Yes
437,Crew,Male,Adult,No
438,Crew,Male,Adult,No
439,3rd,Male,Adult,No
440,Crew,Male,Adult,Yes
441,1st,Male,Adult,Yes
442,3rd,Female,Adult,Yes
443,1st,Male,Adult,No
444,1st,Female,Adult,Yes
445,Crew,Male,Adult,No
446,Crew,Male,Adult,No
447,3rd,Male,Adult,No
448,2nd,Female,Adult,Yes
449,2nd,Female,Adult,Yes
450,Crew,Male,Adult,No
451,2nd,Male,Adult,No
452,3rd,Male,Adult,No
453,1st,Male,Adult,No
454,3rd,Male,Adult,No
455,Crew,Male,Adult,No
456,Crew,Male,Adult,No
457,Crew,Male,Adult,No
458,Crew,Male,Adult,No
459,3rd,Male,Adult,No
460,Crew,Male,Adult,No
461,Crew,Male,Adult,Yes
462,Crew,Male,Adult,Yes
463,Crew,Male,Adult,No
464,1st,Male,Adult,No
465,1st,Male,Adult,No
466,1st,Male,Adult,No
467,Crew,Male,Adult,No
468,Crew,Male,Adult,No
469,3rd,Male,Adult,Yes
470,Crew,Male,Adult,Yes
471,Crew,Male,Adult,No
472,2nd,Male,Adult,No
473,3rd,Female,Adult,Yes
474,Crew,Male,Adult,No
475,1st,Female,Adult,Yes
476,3rd,Male,Adult,No
477,3rd,Male,Adult,No
478,1st,Male,Adult,Yes
479,3rd,Male,Child,Yes
480,3rd,Male,Adult,Yes
481,3rd,Female,Adult,Yes
482,3rd,Male,Adult,No
483,3rd,Male,Adult,No
484,Crew,Male,Adult,Yes
485,Crew,Male,Adult,No
486,Crew,Male,Adult,No
487,Crew,Male,Adult,No
488,1st,Male,Adult,Yes
489,3rd,Male,Adult,No
490,Crew,Male,Adult,No
491,2nd,Female,Adult,Yes
492,Crew,Male,Adult,No
493,Crew,Male,Adult,No
494,3rd,Male,Adult,No
495,Crew,Male,Adult,No
496,3rd,Male,Adult,No
497,Crew,Male,Adult,No
498,2nd,Male,Adult,No
499,1st,Female,Adult,Yes
500,3rd,Male,Adult,No
501,3rd,Male,Adult,No
502,Crew,Male,Adult,No
503,1st,Female,Adult,Yes
504,2nd,Male,Adult,No
505,Crew,Male,Adult,No
506,Crew,Male,Adult,No
507,Crew,Male,Adult,Yes
508,3rd,Male,Child,No
509,Crew,Male,Adult,No
510,3rd,Male,Adult,No
511,3rd,Male,Adult,No
512,Crew,Male,Adult,No
513,Crew,Male,Adult,No
514,Crew,Male,Adult,No
515,2nd,Female,Adult,Yes
516,2nd,Male,Adult,No
517,Crew,Male,Adult,No
518,3rd,Male,Child,No
519,Crew,Male,Adult,Yes
520,Crew,Male,Adult,No
521,Crew,Male,Adult,No
522,3rd,Male,Adult,No
523,3rd,Male,Adult,No
524,2nd,Male,Adult,No
525,Crew,Male,Adult,No
526,3rd,Female,Adult,No
527,Crew,Female,Adult,Yes
528,3rd,Female,Adult,No
529,Crew,Male,Adult,No
530,3rd,Female,Adult,Yes
531,Crew,Male,Adult,No
532,Crew,Male,Adult,Yes
533,3rd,Female,Adult,No
534,Crew,Male,Adult,No
535,Crew,Male,Adult,Yes
536,3rd,Male,Adult,Yes
537,2nd,Female,Adult,Yes
538,Crew,Male,Adult,No
539,Crew,Male,Adult,No
540,3rd,Male,Adult,No
541,2nd,Male,Adult,No
542,Crew,Male,Adult,No
543,Crew,Male,Adult,No
544,3rd,Male,Adult,No
545,Crew,Female,Adult,Yes
546,3rd,Male,Adult,Yes
547,3rd,Male,Adult,No
548,3rd,Male,Adult,No
549,Crew,Male,Adult,No
550,Crew,Male,Adult,No
551,3rd,Male,Child,No
552,3rd,Male,Adult,Yes
553,Crew,Male,Adult,No
554,3rd,Male,Adult,Yes
555,3rd,Female,Adult,Yes
556,3rd,Male,Adult,No
557,Crew,Male,Adult,No
558,3rd,Female,Adult,Yes
559,Crew,Male,Adult,No
560,Crew,Male,Adult,Yes
561,1st,Male,Adult,No
562,1st,Female,Adult,Yes
563,1st,Male,Adult,No
564,3rd,Male,Adult,No
565,1st,Male,Adult,No
566,3rd,Female,Adult,No
567,Crew,Male,Adult,No
568,3rd,Male,Adult,No
569,2nd,Male,Adult,No
570,3rd,Male,Adult,Yes
571,Crew,Male,Adult,Yes
572,2nd,Male,Adult,No
573,Crew,Male,Adult,No
574,Crew,Male,Adult,No
575,Crew,Male,Adult,No
576,Crew,Male,Adult,Yes
577,2nd,Male,Adult,No
578,Crew,Male,Adult,No
579,Crew,Male,Adult,No
580,3rd,Male,Adult,No
581,Crew,Male,Adult,Yes
582,Crew,Male,Adult,Yes
583,2nd,Male,Adult,No
584,Crew,Male,Adult,Yes
585,3rd,Male,Adult,No
586,Crew,Male,Adult,No
587,3rd,Female,Adult,No
588,3rd,Female,Adult,Yes
589,Crew,Male,Adult,No
590,3rd,Male,Adult,No
591,Crew,Male,Adult,No
592,Crew,Male,Adult,Yes
593,1st,Female,Adult,Yes
594,Crew,Male,Adult,Yes
595,Crew,Male,Adult,No
596,Crew,Male,Adult,No
597,3rd,Male,Adult,No
598,Crew,Male,Adult,No
599,Crew,Male,Adult,No
600,3rd,Female,Adult,No
601,Crew,Male,Adult,No
602,3rd,Female,Adult,No
603,Crew,Male,Adult,No
604,1st,Female,Adult,Yes
605,3rd,Male,Adult,No
606,Crew,Male,Adult,No
607,Crew,Male,Adult,No
608,Crew,Male,Adult,No
609,1st,Male,Adult,No
610,3rd,Female,Adult,No
611,1st,Female,Adult,Yes
612,3rd,Female,Adult,Yes
613,3rd,Male,Adult,No
614,3rd,Male,Adult,No
615,1st,Female,Adult,Yes
616,2nd,Female,Adult,Yes
617,1st,Female,Adult,Yes
618,Crew,Male,Adult,Yes
619,Crew,Male,Adult,No
620,3rd,Male,Adult,No
621,Crew,Male,Adult,Yes
622,1st,Male,Adult,No
623,Crew,Male,Adult,No
624,Crew,Male,Adult,No
625,1st,Female,Adult,Yes
626,1st,Male,Adult,No
627,1st,Female,Adult,No
628,3rd,Female,Adult,Yes
629,Crew,Male,Adult,No
630,3rd,Male,Adult,No
631,Crew,Male,Adult,No
632,3rd,Male,Adult,No
633,3rd,Male,Adult,No
634,2nd,Male,Adult,No
635,3rd,Male,Adult,No
636,2nd,Male,Adult,No
637,2nd,Female,Adult,Yes
638,Crew,Male,Adult,No
639,Crew,Male,Adult,No
640,2nd,Male,Adult,No
641,Crew,Male,Adult,No
642,2nd,Male,Adult,No
643,Crew,Male,Adult,No
644,3rd,Male,Adult,No
645,3rd,Male,Adult,No
646,1st,Male,Adult,No
647,Crew,Female,Adult,Yes
648,1st,Female,Adult,Yes
649,3rd,Male,Adult,Yes
650,3rd,Female,Adult,Yes
651,3rd,Female,Adult,No
652,Crew,Female,Adult,Yes
653,3rd,Male,Adult,No
654,2nd,Female,Adult,Yes
655,Crew,Male,Adult,No
656,Crew,Male,Adult,No
657,Crew,Male,Adult,Yes
658,Crew,Male,Adult,No
659,Crew,Male,Adult,No
660,2nd,Male,Adult,No
661,Crew,Male,Adult,No
662,2nd,Female,Adult,Yes
663,3rd,Male,Adult,No
664,1st,Female,Adult,Yes
665,2nd,Male,Adult,No
666,Crew,Male,Adult,No
667,3rd,Female,Child,Yes
668,3rd,Male,Adult,No
669,Crew,Male,Adult,No
670,3rd,Male,Child,No
671,Crew,Male,Adult,Yes
672,Crew,Male,Adult,Yes
673,2nd,Male,Adult,No
674,Crew,Male,Adult,No
675,3rd,Male,Adult,No
676,Crew,Male,Adult,No
677,1st,Male,Adult,No
678,1st,Male,Adult,No
679,2nd,Male,Adult,No
680,Crew,Male,Adult,No
681,3rd,Male,Adult,Yes
682,3rd,Male,Adult,No
683,Crew,Male,Adult,Yes
684,Crew,Male,Adult,No
685,3rd,Male,Adult,No
686,3rd,Male,Adult,No
687,3rd,Male,Adult,No
688,Crew,Male,Adult,No
689,Crew,Male,Adult,No
690,Crew,Male,Adult,Yes
691,3rd,Female,Adult,No
692,1st,Female,Adult,Yes
693,1st,Male,Adult,No
694,Crew,Male,Adult,Yes
695,Crew,Male,Adult,No
696,3rd,Male,Adult,No
697,1st,Male,Adult,Yes
698,Crew,Male,Adult,No
699,3rd,Female,Adult,No
700,Crew,Male,Adult,No
701,1st,Female,Adult,Yes
702,Crew,Male,Adult,No
703,3rd,Female,Adult,Yes
704,Crew,Male,Adult,No
705,Crew,Male,Adult,No
706,1st,Male,Adult,No
707,2nd,Female,Adult,No
708,1st,Male,Adult,No
709,Crew,Male,Adult,Yes
710,Crew,Male,Adult,No
711,3rd,Male,Adult,Yes
712,3rd,Female,Adult,No
713,3rd,Male,Adult,No
714,2nd,Female,Adult,Yes
715,3rd,Male,Adult,Yes
716,Crew,Male,Adult,No
717,2nd,Male,Adult,Yes
718,3rd,Male,Adult,No
719,Crew,Male,Adult,No
720,2nd,Male,Adult,No
721,2nd,Male,Adult,No
722,3rd,Male,Adult,No
723,3rd,Male,Adult,No
724,3rd,Female,Adult,No
725,Crew,Male,Adult,No
726,1st,Male,Adult,No
727,1st,Male,Child,Yes
728,Crew,Male,Adult,No
729,1st,Male,Adult,No
730,Crew,Male,Adult,No
731,Crew,Male,Adult,No
732,2nd,Male,Child,Yes
733,Crew,Male,Adult,No
734,3rd,Male,Adult,No
735,Crew,Male,Adult,No
736,Crew,Male,Adult,No
737,3rd,Male,Adult,No
738,1st,Female,Adult,Yes
739,3rd,Female,Adult,No
740,3rd,Male,Adult,Yes
741,3rd,Male,Adult,No
742,1st,Male,Adult,No
743,Crew,Male,Adult,No
744,3rd,Male,Adult,No
745,3rd,Male,Adult,No
746,2nd,Female,Adult,Yes
747,2nd,Male,Adult,No
748,Crew,Male,Adult,No
749,2nd,Male,Adult,No
750,3rd,Female,Adult,No
751,1st,Female,Adult,Yes
752,2nd,Female,Child,Yes
753,Crew,Male,Adult,No
754,3rd,Male,Adult,No
755,Crew,Male,Adult,Yes
756,Crew,Male,Adult,No
757,3rd,Female,Adult,No
758,3rd,Male,Adult,No
759,Crew,Male,Adult,No
760,Crew,Male,Adult,No
761,1st,Male,Adult,No
762,1st,Male,Adult,No
763,3rd,Male,Adult,No
764,3rd,Male,Adult,No
765,1st,Female,Adult,Yes
766,3rd,Male,Adult,Yes
767,Crew,Male,Adult,Yes
768,1st,Female,Adult,Yes
769,Crew,Female,Adult,Yes
770,2nd,Male,Adult,No
771,Crew,Male,Adult,Yes
772,1st,Male,Adult,No
773,Crew,Male,Adult,Yes
774,3rd,Female,Adult,No
775,Crew,Female,Adult,Yes
776,3rd,Male,Adult,No
777,Crew,Male,Adult,No
778,Crew,Male,Adult,No
779,Crew,Male,Adult,No
780,1st,Male,Adult,Yes
781,Crew,Male,Adult,No
782,3rd,Male,Adult,No
783,2nd,Female,Child,Yes
784,3rd,Male,Adult,Yes
785,Crew,Male,Adult,Yes
786,3rd,Male,Adult,No
787,Crew,Male,Adult,No
788,1st,Female,Adult,Yes
789,Crew,Male,Adult,No
790,3rd,Female,Child,Yes
791,3rd,Male,Adult,No
792,3rd,Male,Adult,No
793,Crew,Male,Adult,Yes
794,Crew,Male,Adult,No
795,3rd,Male,Adult,No
796,Crew,Male,Adult,Yes
797,Crew,Male,Adult,No
798,Crew,Male,Adult,No
799,3rd,Female,Adult,Yes
800,Crew,Male,Adult,No
801,1st,Male,Adult,No
802,2nd,Female,Adult,No
803,3rd,Female,Child,Yes
804,1st,Male,Adult,No
805,3rd,Female,Adult,Yes
806,Crew,Male,Adult,No
807,Crew,Male,Adult,No
808,2nd,Female,Child,Yes
809,3rd,Male,Adult,Yes
810,3rd,Male,Adult,No
811,1st,Female,Adult,Yes
812,3rd,Male,Adult,Yes
813,1st,Male,Adult,No
814,Crew,Male,Adult,No
815,3rd,Female,Adult,No
816,3rd,Male,Adult,No
817,2nd,Male,Child,Yes
818,Crew,Male,Adult,No
819,3rd,Male,Adult,No
820,Crew,Male,Adult,Yes
821,3rd,Female,Adult,Yes
822,Crew,Male,Adult,No
823,Crew,Male,Adult,No
824,3rd,Female,Adult,No
825,Crew,Male,Adult,No
826,Crew,Male,Adult,No
827,3rd,Male,Adult,Yes
828,3rd,Male,Adult,No
829,3rd,Male,Adult,No
830,3rd,Male,Adult,No
831,Crew,Male,Adult,No
832,3rd,Male,Adult,No
833,Crew,Male,Adult,No
834,Crew,Male,Adult,No
835,1st,Male,Adult,Yes
836,2nd,Male,Adult,No
837,1st,Male,Adult,Yes
838,3rd,Male,Adult,No
839,Crew,Male,Adult,No
840,3rd,Female,Adult,Yes
841,Crew,Male,Adult,No
842,Crew,Male,Adult,No
843,3rd,Female,Adult,No
844,3rd,Male,Adult,No
845,3rd,Male,Child,Yes
846,Crew,Male,Adult,No
847,3rd,Male,Adult,No
848,Crew,Male,Adult,No
849,3rd,Male,Adult,No
850,Crew,Male,Adult,No
851,Crew,Male,Adult,No
852,Crew,Male,Adult,No
853,2nd,Female,Adult,Yes
854,Crew,Male,Adult,Yes
855,3rd,Male,Adult,No
856,3rd,Male,Adult,No
857,3rd,Male,Adult,No
858,2nd,Female,Adult,No
859,3rd,Male,Adult,Yes
860,Crew,Male,Adult,No
861,3rd,Female,Adult,No
862,Crew,Male,Adult,No
863,Crew,Male,Adult,No
864,3rd,Male,Child,No
865,1st,Male,Adult,No
866,2nd,Male,Adult,No
867,3rd,Female,Adult,No
868,3rd,Female,Adult,Yes
869,2nd,Male,Adult,No
870,Crew,Male,Adult,Yes
871,3rd,Male,Adult,No
872,3rd,Female,Adult,No
873,1st,Female,Adult,Yes
874,2nd,Female,Adult,Yes
875,1st,Male,Adult,No
876,Crew,Male,Adult,No
877,3rd,Male,Adult,Yes
878,Crew,Male,Adult,No
879,3rd,Male,Adult,Yes
880,Crew,Male,Adult,No
881,Crew,Male,Adult,Yes
882,Crew,Male,Adult,No
883,Crew,Male,Adult,No
884,1st,Female,Adult,Yes
885,3rd,Male,Adult,No
886,Crew,Male,Adult,No
887,Crew,Male,Adult,Yes
888,2nd,Male,Adult,No
889,1st,Female,Adult,Yes
890,Crew,Male,Adult,No
891,3rd,Male,Child,Yes
892,Crew,Male,Adult,No
893,Crew,Male,Adult,No
894,Crew,Male,Adult,No
895,Crew,Male,Adult,Yes
896,3rd,Female,Adult,No
897,3rd,Male,Adult,No
898,2nd,Male,Adult,No
899,3rd,Male,Adult,No
900,1st,Female,Adult,Yes
901,Crew,Male,Adult,No
902,3rd,Female,Child,No
903,Crew,Male,Adult,No
904,Crew,Male,Adult,No
905,3rd,Female,Adult,No
906,Crew,Male,Adult,No
907,3rd,Male,Child,No
908,Crew,Male,Adult,Yes
909,Crew,Male,Adult,No
910,1st,Male,Adult,Yes
911,3rd,Male,Adult,No
912,Crew,Male,Adult,No
913,3rd,Male,Adult,No
914,3rd,Male,Adult,No
915,Crew,Male,Adult,No
916,2nd,Female,Adult,Yes
917,Crew,Male,Adult,No
918,1st,Male,Adult,Yes
919,3rd,Male,Child,No
920,2nd,Female,Adult,Yes
921,Crew,Male,Adult,No
922,2nd,Male,Adult,No
923,Crew,Male,Adult,Yes
924,3rd,Male,Adult,No
925,Crew,Male,Adult,No
926,Crew,Male,Adult,No
927,1st,Female,Adult,Yes
928,2nd,Female,Adult,Yes
929,2nd,Female,Adult,Yes
930,1st,Female,Adult,Yes
931,2nd,Female,Adult,No
932,Crew,Male,Adult,No
933,Crew,Male,Adult,No
934,Crew,Male,Adult,No
935,2nd,Male,Adult,No
936,Crew,Male,Adult,Yes
937,3rd,Female,Adult,No
938,Crew,Male,Adult,No
939,3rd,Male,Adult,No
940,Crew,Male,Adult,No
941,3rd,Male,Adult,No
942,3rd,Male,Adult,Yes
943,3rd,Male,Adult,No
944,1st,Male,Adult,Yes
945,3rd,Female,Adult,Yes
946,3rd,Male,Adult,No
947,3rd,Male,Child,No
948,Crew,Male,Adult,No
949,Crew,Male,Adult,No
950,2nd,Female,Adult,Yes
951,3rd,Female,Adult,No
952,Crew,Male,Adult,No
953,Crew,Male,Adult,No
954,Crew,Male,Adult,No
955,Crew,Male,Adult,No
956,Crew,Male,Adult,No
957,1st,Male,Adult,No
958,Crew,Male,Adult,No
959,Crew,Male,Adult,No
960,1st,Female,Adult,Yes
961,Crew,Female,Adult,Yes
962,1st,Male,Adult,No
963,Crew,Male,Adult,No
964,1st,Female,Adult,Yes
965,2nd,Male,Adult,No
966,1st,Female,Adult,Yes
967,Crew,Male,Adult,Yes
968,1st,Male,Adult,No
969,Crew,Male,Adult,No
970,Crew,Male,Adult,No
971,3rd,Female,Adult,No
972,2nd,Female,Child,Yes
973,3rd,Male,Adult,No
974,Crew,Male,Adult,No
975,2nd,Male,Adult,No
976,3rd,Female,Adult,Yes
977,Crew,Male,Adult,No
978,Crew,Male,Adult,No
979,3rd,Female,Adult,No
980,1st,Male,Adult,No
981,3rd,Female,Adult,No
982,3rd,Male,Adult,No
983,Crew,Male,Adult,No
984,3rd,Male,Adult,No
985,Crew,Male,Adult,No
986,Crew,Male,Adult,Yes
987,Crew,Male,Adult,No
988,Crew,Male,Adult,Yes
989,3rd,Male,Adult,No
990,Crew,Male,Adult,No
991,3rd,Male,Adult,No
992,3rd,Male,Adult,No
993,3rd,Female,Adult,Yes
994,1st,Female,Adult,Yes
995,3rd,Female,Adult,No
996,Crew,Male,Adult,No
997,Crew,Male,Adult,No
998,1st,Female,Adult,Yes
999,Crew,Male,Adult,No
1000,Crew,Male,Adult,No
1001,1st,Male,Adult,Yes
1002,2nd,Female,Child,Yes
1003,Crew,Male,Adult,No
1004,Crew,Male,Adult,No
1005,1st,Male,Adult,No
1006,Crew,Male,Adult,Yes
1007,Crew,Male,Adult,No
1008,Crew,Male,Adult,No
1009,3rd,Male,Adult,No
1010,1st,Male,Adult,Yes
1011,3rd,Male,Adult,Yes
1012,3rd,Male,Adult,No
1013,Crew,Male,Adult,No
1014,2nd,Female,Adult,Yes
1015,3rd,Female,Child,Yes
1016,Crew,Male,Adult,No
1017,Crew,Male,Adult,No
1018,Crew,Male,Adult,Yes
1019,Crew,Male,Adult,No
1020,1st,Female,Adult,Yes
1021,3rd,Female,Adult,No
1022,1st,Female,Adult,Yes
1023,3rd,Male,Adult,No
1024,3rd,Male,Adult,No
1025,Crew,Male,Adult,No
1026,3rd,Male,Adult,No
1027,Crew,Male,Adult,No
1028,Crew,Male,Adult,No
1029,Crew,Male,Adult,No
1030,1st,Male,Adult,Yes
1031,Crew,Male,Adult,No
1032,2nd,Female,Adult,Yes
1033,2nd,Female,Adult,Yes
1034,Crew,Male,Adult,No
1035,3rd,Male,Adult,No
1036,1st,Male,Adult,Yes
1037,Crew,Male,Adult,No
1038,1st,Female,Adult,Yes
1039,3rd,Male,Adult,No
1040,3rd,Male,Adult,No
1041,3rd,Female,Adult,Yes
1042,Crew,Male,Adult,No
1043,2nd,Male,Adult,No
1044,1st,Male,Adult,No
1045,Crew,Male,Adult,Yes
1046,3rd,Female,Child,No
1047,3rd,Male,Adult,Yes
1048,3rd,Female,Adult,Yes
1049,1st,Male,Adult,No
1050,3rd,Male,Adult,No
1051,Crew,Male,Adult,No
1052,3rd,Male,Adult,No
1053,Crew,Male,Adult,No
1054,3rd,Male,Adult,No
1055,3rd,Male,Adult,Yes
1056,Crew,Male,Adult,No
1057,2nd,Female,Adult,Yes
1058,1st,Female,Adult,Yes
1059,Crew,Male,Adult,No
1060,Crew,Male,Adult,No
1061,3rd,Female,Adult,No
1062,3rd,Male,Adult,No
1063,3rd,Male,Adult,No
1064,Crew,Male,Adult,No
1065,1st,Female,Adult,Yes
1066,1st,Female,Adult,Yes
1067,3rd,Female,Adult,No
1068,Crew,Male,Adult,Yes
1069,3rd,Male,Adult,No
1070,Crew,Male,Adult,No
1071,Crew,Male,Adult,No
1072,3rd,Male,Adult,No
1073,1st,Female,Adult,Yes
1074,Crew,Male,Adult,Yes
1075,3rd,Male,Adult,No
1076,Crew,Male,Adult,No
1077,Crew,Male,Adult,No
1078,3rd,Male,Adult,No
1079,Crew,Male,Adult,Yes
1080,Crew,Male,Adult,Yes
1081,2nd,Male,Adult,No
1082,Crew,Male,Adult,Yes
1083,Crew,Male,Adult,No
1084,Crew,Male,Adult,No
1085,1st,Female,Adult,Yes
1086,Crew,Male,Adult,No
1087,3rd,Male,Adult,Yes
1088,Crew,Male,Adult,No
1089,1st,Male,Adult,No
1090,3rd,Male,Adult,No
1091,3rd,Male,Adult,No
1092,3rd,Male,Adult,No
1093,Crew,Male,Adult,No
1094,Crew,Male,Adult,No
1095,1st,Female,Adult,Yes
1096,Crew,Male,Adult,No
1097,Crew,Male,Adult,No
1098,3rd,Male,Adult,No
1099,3rd,Male,Adult,No
1100,Crew,Male,Adult,No
1101,Crew,Male,Adult,No
1102,1st,Female,Adult,Yes
1103,2nd,Male,Child,Yes
1104,3rd,Female,Adult,No
1105,Crew,Male,Adult,No
1106,Crew,Male,Adult,No
1107,3rd,Female,Adult,Yes
1108,1st,Female,Adult,Yes
1109,Crew,Male,Adult,No
1110,3rd,Male,Adult,No
1111,Crew,Male,Adult,No
1112,Crew,Male,Adult,No
1113,Crew,Male,Adult,No
1114,3rd,Male,Adult,No
1115,2nd,Female,Adult,No
1116,3rd,Female,Adult,No
1117,2nd,Female,Adult,No
1118,Crew,Male,Adult,No
1119,Crew,Male,Adult,No
1120,Crew,Male,Adult,No
1121,3rd,Male,Child,Yes
1122,Crew,Male,Adult,No
1123,3rd,Male,Adult,Yes
1124,3rd,Female,Child,Yes
1125,3rd,Male,Adult,No
1126,1st,Female,Adult,Yes
1127,Crew,Male,Adult,Yes
1128,Crew,Male,Adult,No
1129,Crew,Male,Adult,No
1130,1st,Male,Adult,No
1131,2nd,Male,Adult,No
1132,3rd,Female,Adult,No
1133,2nd,Male,Adult,No
1134,Crew,Male,Adult,Yes
1135,Crew,Male,Adult,Yes
1136,3rd,Male,Adult,No
1137,1st,Male,Adult,Yes
1138,1st,Male,Adult,No
1139,2nd,Female,Adult,Yes
1140,Crew,Male,Adult,No
1141,1st,Female,Adult,Yes
1142,Crew,Male,Adult,No
1143,2nd,Male,Child,Yes
1144,3rd,Male,Adult,No
1145,Crew,Male,Adult,No
1146,Crew,Male,Adult,No
1147,Crew,Male,Adult,No
1148,Crew,Male,Adult,No
1149,3rd,Male,Adult,No
1150,1st,Female,Adult,Yes
1151,3rd,Male,Adult,No
1152,2nd,Male,Adult,No
1153,3rd,Male,Adult,No
1154,Crew,Male,Adult,No
1155,Crew,Male,Adult,No
1156,2nd,Male,Adult,No
1157,2nd,Female,Adult,Yes
1158,Crew,Male,Adult,No
1159,Crew,Male,Adult,Yes
1160,Crew,Male,Adult,No
1161,1st,Male,Adult,No
1162,3rd,Male,Adult,No
1163,3rd,Male,Adult,No
1164,Crew,Male,Adult,No
1165,3rd,Female,Adult,Yes
1166,3rd,Female,Adult,Yes
1167,3rd,Male,Child,No
1168,1st,Female,Adult,Yes
1169,3rd,Male,Child,Yes
1170,Crew,Male,Adult,No
1171,1st,Male,Adult,No
1172,1st,Female,Adult,Yes
1173,3rd,Male,Adult,No
1174,Crew,Male,Adult,No
1175,3rd,Male,Adult,Yes
1176,1st,Female,Adult,Yes
1177,2nd,Male,Adult,No
1178,Crew,Male,Adult,Yes
1179,Crew,Male,Adult,No
1180,3rd,Male,Adult,No
1181,Crew,Male,Adult,No
1182,3rd,Male,Adult,No
1183,3rd,Male,Adult,No
1184,1st,Male,Adult,Yes
1185,3rd,Male,Child,No
1186,1st,Female,Adult,Yes
1187,Crew,Male,Adult,Yes
1188,2nd,Male,Adult,Yes
1189,Crew,Male,Adult,No
1190,Crew,Male,Adult,No
1191,3rd,Male,Adult,No
1192,Crew,Male,Adult,No
1193,1st,Female,Adult,Yes
1194,2nd,Female,Adult,Yes
1195,3rd,Female,Adult,Yes
1196,2nd,Male,Adult,No
1197,2nd,Male,Adult,No
1198,Crew,Male,Adult,Yes
1199,2nd,Male,Adult,No
1200,3rd,Male,Adult,No
1201,Crew,Male,Adult,Yes
1202,3rd,Female,Adult,No
1203,3rd,Male,Adult,No
1204,Crew,Male,Adult,No
1205,2nd,Female,Adult,Yes
1206,Crew,Male,Adult,No
1207,3rd,Male,Child,Yes
1208,Crew,Male,Adult,Yes
1209,2nd,Male,Adult,No
1210,1st,Female,Adult,Yes
1211,1st,Female,Adult,Yes
1212,Crew,Male,Adult,No
1213,Crew,Male,Adult,Yes
1214,3rd,Male,Adult,No
1215,2nd,Female,Adult,No
1216,2nd,Male,Adult,Yes
1217,1st,Female,Adult,Yes
1218,1st,Female,Adult,Yes
1219,Crew,Male,Adult,No
1220,1st,Female,Adult,Yes
1221,3rd,Male,Adult,No
1222,3rd,Female,Adult,No
1223,3rd,Female,Adult,Yes
1224,Crew,Male,Adult,No
1225,2nd,Male,Adult,No
1226,3rd,Male,Adult,Yes
1227,Crew,Male,Adult,No
1228,1st,Male,Adult,No
1229,2nd,Male,Adult,No
1230,3rd,Male,Adult,No
1231,Crew,Male,Adult,No
1232,Crew,Male,Adult,No
1233,Crew,Male,Adult,No
1234,1st,Male,Adult,No
1235,2nd,Male,Adult,No
1236,Crew,Male,Adult,No
1237,Crew,Male,Adult,No
1238,Crew,Male,Adult,No
1239,Crew,Male,Adult,No
1240,3rd,Female,Child,No
1241,1st,Male,Adult,No
1242,3rd,Female,Child,No
1243,1st,Female,Adult,Yes
1244,Crew,Male,Adult,No
1245,3rd,Male,Child,Yes
1246,Crew,Male,Adult,Yes
1247,3rd,Male,Adult,No
1248,3rd,Male,Adult,No
1249,Crew,Male,Adult,No
1250,3rd,Male,Adult,No
1251,Crew,Male,Adult,No
1252,Crew,Male,Adult,No
1253,Crew,Male,Adult,No
1254,3rd,Male,Adult,No
1255,2nd,Female,Adult,Yes
1256,3rd,Male,Adult,No
1257,3rd,Male,Adult,No
1258,1st,Female,Adult,Yes
1259,Crew,Male,Adult,No
1260,3rd,Male,Adult,Yes
1261,2nd,Male,Adult,No
1262,Crew,Male,Adult,No
1263,Crew,Male,Adult,No
1264,3rd,Female,Adult,No
1265,Crew,Male,Adult,Yes
1266,3rd,Male,Adult,No
1267,Crew,Male,Adult,Yes
1268,2nd,Female,Adult,Yes
1269,Crew,Male,Adult,Yes
1270,3rd,Male,Adult,No
1271,3rd,Male,Adult,No
1272,Crew,Male,Adult,Yes
1273,Crew,Male,Adult,No
1274,Crew,Male,Adult,No
1275,3rd,Female,Adult,Yes
1276,1st,Female,Adult,Yes
1277,Crew,Male,Adult,No
1278,2nd,Male,Adult,No
1279,2nd,Male,Adult,Yes
1280,Crew,Male,Adult,No
1281,1st,Female,Adult,Yes
1282,2nd,Female,Adult,Yes
1283,3rd,Female,Adult,No
1284,3rd,Male,Adult,No
1285,3rd,Male,Adult,No
1286,Crew,Male,Adult,No
1287,Crew,Male,Adult,Yes
1288,Crew,Male,Adult,No
1289,3rd,Male,Adult,No
1290,Crew,Male,Adult,No
1291,Crew,Male,Adult,Yes
1292,2nd,Male,Adult,No
1293,Crew,Male,Adult,No
1294,1st,Male,Adult,Yes
1295,Crew,Male,Adult,No
1296,1st,Female,Adult,No
1297,1st,Male,Adult,No
1298,3rd,Male,Adult,No
1299,Crew,Male,Adult,No
1300,3rd,Male,Adult,No
1301,Crew,Male,Adult,No
1302,Crew,Male,Adult,No
1303,Crew,Male,Adult,No
1304,Crew,Male,Adult,No
1305,Crew,Male,Adult,No
1306,1st,Female,Adult,Yes
1307,2nd,Male,Adult,No
1308,3rd,Male,Child,No
1309,Crew,Male,Adult,No
1310,3rd,Female,Adult,Yes
1311,3rd,Male,Adult,No
1312,Crew,Male,Adult,No
1313,3rd,Female,Adult,No
1314,Crew,Male,Adult,No
1315,3rd,Male,Adult,No
1316,Crew,Male,Adult,No
1317,Crew,Male,Adult,No
1318,Crew,Male,Adult,No
1319,3rd,Male,Adult,No
1320,3rd,Male,Adult,No
1321,1st,Male,Adult,No
1322,3rd,Male,Adult,No
1323,Crew,Male,Adult,No
1324,Crew,Male,Adult,Yes
1325,3rd,Male,Child,No
1326,Crew,Male,Adult,No
1327,Crew,Male,Adult,No
1328,3rd,Female,Adult,No
1329,Crew,Male,Adult,Yes
1330,Crew,Male,Adult,No
1331,1st,Male,Adult,No
1332,3rd,Male,Adult,No
1333,2nd,Female,Adult,Yes
1334,Crew,Male,Adult,Yes
1335,3rd,Male,Adult,No
1336,3rd,Male,Adult,No
1337,Crew,Male,Adult,No
1338,3rd,Male,Adult,No
1339,Crew,Male,Adult,No
1340,Crew,Male,Adult,Yes
1341,2nd,Male,Adult,Yes
1342,Crew,Male,Adult,No
1343,2nd,Male,Child,Yes
1344,1st,Female,Adult,Yes
1345,1st,Male,Adult,No
1346,3rd,Male,Adult,No
1347,3rd,Male,Adult,No
1348,2nd,Male,Adult,No
1349,Crew,Male,Adult,No
1350,Crew,Male,Adult,No
1351,3rd,Male,Adult,No
1352,3rd,Female,Child,No
1353,1st,Male,Adult,No
1354,3rd,Male,Adult,No
1355,1st,Male,Child,Yes
1356,Crew,Male,Adult,Yes
1357,Crew,Male,Adult,Yes
1358,3rd,Male,Adult,No
1359,3rd,Male,Adult,No
1360,3rd,Female,Adult,No
1361,Crew,Male,Adult,Yes
1362,1st,Female,Adult,Yes
1363,1st,Female,Adult,Yes
1364,Crew,Male,Adult,No
1365,Crew,Male,Adult,No
1366,2nd,Male,Child,Yes
1367,Crew,Male,Adult,No
1368,Crew,Male,Adult,No
1369,Crew,Male,Adult,Yes
1370,3rd,Male,Child,No
1371,Crew,Male,Adult,No
1372,3rd,Male,Adult,No
1373,Crew,Male,Adult,Yes
1374,3rd,Female,Child,No
1375,1st,Male,Adult,No
1376,1st,Female,Adult,Yes
1377,Crew,Male,Adult,No
1378,2nd,Female,Adult,Yes
1379,3rd,Male,Adult,No
1380,1st,Female,Adult,Yes
1381,Crew,Male,Adult,Yes
1382,Crew,Male,Adult,No
1383,3rd,Male,Child,No
1384,3rd,Male,Adult,No
1385,2nd,Male,Adult,Yes
1386,3rd,Male,Adult,No
1387,3rd,Male,Adult,No
1388,Crew,Male,Adult,No
1389,Crew,Male,Adult,No
1390,3rd,Female,Adult,No
1391,Crew,Male,Adult,No
1392,3rd,Male,Adult,Yes
1393,Crew,Male,Adult,Yes
1394,3rd,Male,Adult,No
1395,Crew,Male,Adult,No
1396,1st,Male,Adult,No
1397,Crew,Male,Adult,No
1398,3rd,Female,Child,No
1399,1st,Male,Adult,Yes
1400,Crew,Male,Adult,Yes
1401,Crew,Male,Adult,No
1402,3rd,Male,Adult,No
1403,3rd,Female,Adult,No
1404,1st,Male,Adult,Yes
1405,2nd,Male,Adult,Yes
1406,Crew,Male,Adult,No
1407,2nd,Male,Child,Yes
1408,Crew,Male,Adult,No
1409,Crew,Male,Adult,No
1410,3rd,Male,Adult,No
1411,Crew,Male,Adult,No
1412,1st,Male,Adult,Yes
1413,3rd,Male,Adult,No
1414,2nd,Male,Adult,No
1415,1st,Male,Adult,Yes
1416,Crew,Male,Adult,No
1417,3rd,Male,Adult,Yes
1418,1st,Male,Adult,No
1419,1st,Male,Adult,Yes
1420,2nd,Female,Adult,Yes
1421,3rd,Male,Adult,No
1422,3rd,Male,Adult,Yes
1423,Crew,Male,Adult,No
1424,Crew,Male,Adult,No
1425,1st,Male,Adult,No
1426,Crew,Male,Adult,No
1427,3rd,Male,Child,No
1428,Crew,Male,Adult,No
1429,2nd,Female,Adult,Yes
1430,1st,Female,Adult,Yes
1431,Crew,Male,Adult,No
1432,3rd,Male,Adult,No
1433,Crew,Male,Adult,No
1434,Crew,Male,Adult,No
1435,1st,Female,Adult,Yes
1436,3rd,Male,Adult,Yes
1437,3rd,Male,Adult,No
1438,1st,Male,Adult,No
1439,1st,Male,Adult,No
1440,3rd,Male,Adult,Yes
1441,2nd,Female,Adult,Yes
1442,3rd,Male,Adult,No
1443,Crew,Male,Adult,No
1444,2nd,Male,Adult,No
1445,3rd,Male,Adult,No
1446,Crew,Male,Adult,No
1447,Crew,Male,Adult,No
1448,1st,Female,Adult,Yes
1449,Crew,Male,Adult,No
1450,Crew,Male,Adult,No
1451,Crew,Male,Adult,No
1452,Crew,Male,Adult,No
1453,2nd,Male,Adult,No
1454,3rd,Male,Adult,No
1455,3rd,Male,Adult,No
1456,3rd,Male,Adult,No
1457,Crew,Male,Adult,No
1458,Crew,Male,Adult,Yes
1459,3rd,Female,Adult,Yes
1460,1st,Female,Adult,Yes
1461,Crew,Male,Adult,No
1462,1st,Male,Adult,No
1463,1st,Male,Adult,Yes
1464,Crew,Male,Adult,No
1465,1st,Male,Adult,No
1466,2nd,Male,Adult,No
1467,1st,Female,Adult,Yes
1468,1st,Male,Adult,No
1469,1st,Male,Adult,No
1470,Crew,Male,Adult,Yes
1471,2nd,Female,Adult,No
1472,2nd,Male,Adult,Yes
1473,1st,Male,Adult,No
1474,2nd,Male,Adult,No
1475,1st,Male,Adult,No
1476,1st,Male,Adult,Yes
1477,Crew,Male,Adult,No
1478,3rd,Female,Adult,No
1479,3rd,Female,Child,Yes
1480,3rd,Male,Adult,No
1481,2nd,Male,Adult,No
1482,3rd,Male,Adult,Yes
1483,3rd,Female,Adult,Yes
1484,3rd,Male,Adult,No
1485,3rd,Female,Adult,Yes
1486,1st,Male,Adult,Yes
1487,Crew,Male,Adult,No
1488,Crew,Male,Adult,Yes
1489,1st,Male,Adult,No
1490,Crew,Male,Adult,Yes
1491,3rd,Female,Adult,Yes
1492,1st,Female,Adult,Yes
1493,Crew,Male,Adult,No
1494,3rd,Male,Adult,No
1495,3rd,Female,Adult,Yes
1496,1st,Female,Adult,Yes
1497,2nd,Male,Adult,No
1498,2nd,Female,Adult,No
1499,2nd,Female,Adult,Yes
1500,3rd,Female,Adult,Yes
1501,Crew,Male,Adult,Yes
1502,3rd,Male,Adult,No
1503,1st,Male,Adult,No
1504,3rd,Male,Adult,No
1505,Crew,Male,Adult,No
1506,2nd,Male,Adult,No
1507,3rd,Male,Adult,No
1508,Crew,Male,Adult,No
1509,3rd,Male,Adult,No
1510,Crew,Male,Adult,Yes
1511,2nd,Female,Adult,Yes
1512,3rd,Male,Child,Yes
1513,Crew,Male,Adult,No
1514,Crew,Male,Adult,No
1515,Crew,Male,Adult,No
1516,Crew,Male,Adult,No
1517,2nd,Male,Child,Yes
1518,2nd,Male,Adult,No
1519,2nd,Male,Adult,No
1520,3rd,Male,Adult,No
1521,Crew,Male,Adult,No
1522,Crew,Male,Adult,Yes
1523,3rd,Male,Adult,No
1524,Crew,Male,Adult,No
1525,Crew,Male,Adult,Yes
1526,Crew,Male,Adult,Yes
1527,2nd,Male,Adult,No
1528,Crew,Male,Adult,No
1529,1st,Male,Adult,Yes
1530,2nd,Female,Child,Yes
1531,3rd,Male,Adult,No
1532,1st,Male,Adult,No
1533,3rd,Female,Child,Yes
1534,3rd,Female,Adult,No
1535,Crew,Male,Adult,No
1536,2nd,Male,Adult,No
1537,Crew,Male,Adult,No
1538,1st,Male,Adult,Yes
1539,3rd,Male,Adult,No
1540,2nd,Female,Adult,Yes
1541,3rd,Male,Adult,No
1542,1st,Male,Adult,No
1543,3rd,Male,Adult,No
1544,3rd,Male,Adult,No
1545,Crew,Male,Adult,Yes
1546,1st,Male,Adult,No
1547,Crew,Male,Adult,Yes
1548,3rd,Male,Adult,Yes
1549,Crew,Male,Adult,No
1550,3rd,Male,Adult,No
1551,3rd,Male,Adult,No
1552,3rd,Male,Adult,Yes
1553,Crew,Male,Adult,Yes
1554,3rd,Male,Adult,No
1555,2nd,Male,Adult,No
1556,1st,Male,Adult,No
1557,Crew,Male,Adult,No
1558,Crew,Male,Adult,No
1559,3rd,Male,Child,No
1560,Crew,Male,Adult,No
1561,1st,Female,Adult,No
1562,3rd,Male,Adult,No
1563,3rd,Male,Adult,No
1564,2nd,Male,Adult,No
1565,2nd,Female,Adult,No
1566,1st,Male,Adult,No
1567,2nd,Male,Adult,No
1568,3rd,Male,Adult,No
1569,Crew,Male,Adult,No
1570,Crew,Male,Adult,No
1571,Crew,Male,Adult,No
1572,3rd,Female,Child,Yes
1573,3rd,Male,Adult,No
1574,Crew,Male,Adult,No
1575,Crew,Male,Adult,Yes
1576,Crew,Male,Adult,Yes
1577,Crew,Male,Adult,Yes
1578,Crew,Male,Adult,No
1579,Crew,Male,Adult,No
1580,Crew,Male,Adult,No
1581,1st,Male,Adult,No
1582,2nd,Male,Adult,No
1583,Crew,Male,Adult,No
1584,Crew,Male,Adult,No
1585,1st,Female,Adult,Yes
1586,3rd,Female,Adult,No
1587,1st,Male,Adult,No
1588,2nd,Female,Adult,Yes
1589,3rd,Male,Adult,Yes
1590,Crew,Male,Adult,No
1591,1st,Female,Adult,Yes
1592,2nd,Male,Adult,No
1593,3rd,Male,Adult,No
1594,3rd,Male,Adult,No
1595,3rd,Male,Adult,No
1596,Crew,Male,Adult,No
1597,2nd,Female,Adult,Yes
1598,Crew,Male,Adult,Yes
1599,Crew,Male,Adult,No
1600,3rd,Female,Child,Yes
1601,3rd,Male,Adult,No
1602,3rd,Female,Child,No
1603,2nd,Male,Adult,No
1604,1st,Female,Adult,No
1605,1st,Female,Adult,Yes
1606,2nd,Female,Adult,Yes
1607,1st,Female,Adult,Yes
1608,Crew,Male,Adult,No
1609,Crew,Male,Adult,No
1610,3rd,Male,Adult,No
1611,3rd,Male,Adult,No
1612,Crew,Male,Adult,No
1613,3rd,Female,Child,Yes
1614,1st,Female,Adult,Yes
1615,2nd,Male,Adult,No
1616,1st,Male,Adult,Yes
1617,3rd,Male,Child,No
1618,Crew,Male,Adult,No
1619,Crew,Male,Adult,No
1620,1st,Female,Adult,Yes
1621,Crew,Male,Adult,No
1622,Crew,Male,Adult,No
1623,Crew,Male,Adult,No
1624,1st,Female,Adult,Yes
1625,Crew,Male,Adult,No
1626,3rd,Male,Adult,No
1627,3rd,Female,Adult,No
1628,Crew,Female,Adult,Yes
1629,3rd,Male,Adult,No
1630,3rd,Male,Child,Yes
1631,3rd,Male,Adult,No
1632,Crew,Male,Adult,No
1633,3rd,Female,Adult,No
1634,3rd,Male,Adult,No
1635,2nd,Male,Adult,No
1636,1st,Male,Adult,No
1637,Crew,Male,Adult,No
1638,3rd,Male,Adult,No
1639,2nd,Female,Child,Yes
1640,Crew,Male,Adult,No
1641,Crew,Male,Adult,No
1642,Crew,Male,Adult,Yes
1643,Crew,Male,Adult,No
1644,Crew,Male,Adult,No
1645,Crew,Male,Adult,No
1646,Crew,Male,Adult,Yes
1647,1st,Male,Adult,Yes
1648,3rd,Female,Adult,No
1649,Crew,Male,Adult,No
1650,Crew,Male,Adult,No
1651,1st,Male,Adult,Yes
1652,Crew,Male,Adult,Yes
1653,Crew,Male,Adult,No
1654,1st,Male,Adult,Yes
1655,3rd,Male,Adult,No
1656,3rd,Male,Adult,No
1657,3rd,Male,Adult,No
1658,Crew,Male,Adult,No
1659,3rd,Male,Adult,No
1660,Crew,Male,Adult,No
1661,3rd,Female,Child,No
1662,2nd,Male,Adult,No
1663,Crew,Male,Adult,No
1664,Crew,Male,Adult,Yes
1665,2nd,Male,Adult,No
1666,Crew,Male,Adult,Yes
1667,1st,Female,Adult,Yes
1668,3rd,Male,Adult,No
1669,Crew,Male,Adult,No
1670,Crew,Male,Adult,Yes
1671,1st,Female,Adult,Yes
1672,Crew,Male,Adult,Yes
1673,3rd,Male,Adult,Yes
1674,1st,Female,Adult,Yes
1675,1st,Male,Adult,Yes
1676,1st,Male,Adult,No
1677,3rd,Female,Adult,Yes
1678,Crew,Male,Adult,No
1679,Crew,Male,Adult,No
1680,Crew,Male,Adult,No
1681,3rd,Male,Adult,No
1682,Crew,Male,Adult,No
1683,1st,Male,Adult,No
1684,3rd,Female,Adult,No
1685,3rd,Male,Adult,No
1686,3rd,Female,Adult,Yes
1687,3rd,Male,Adult,No
1688,Crew,Male,Adult,No
1689,Crew,Male,Adult,No
1690,3rd,Female,Adult,No
1691,3rd,Male,Adult,No
1692,Crew,Male,Adult,No
1693,3rd,Female,Adult,No
1694,1st,Male,Child,Yes
1695,2nd,Female,Adult,Yes
1696,3rd,Male,Adult,No
1697,3rd,Male,Adult,No
1698,1st,Male,Adult,No
1699,2nd,Female,Adult,Yes
1700,2nd,Female,Adult,No
1701,Crew,Male,Adult,No
1702,3rd,Male,Adult,No
1703,3rd,Male,Adult,No
1704,Crew,Male,Adult,No
1705,Crew,Male,Adult,No
1706,3rd,Male,Adult,No
1707,Crew,Male,Adult,Yes
1708,3rd,Male,Adult,No
1709,1st,Female,Adult,Yes
1710,Crew,Male,Adult,No
1711,1st,Female,Adult,Yes
1712,1st,Female,Adult,Yes
1713,2nd,Female,Adult,Yes
1714,1st,Male,Adult,No
1715,Crew,Male,Adult,No
1716,2nd,Male,Adult,No
1717,2nd,Male,Adult,No
1718,2nd,Male,Adult,No
1719,1st,Female,Adult,Yes
1720,1st,Male,Adult,Yes
1721,3rd,Male,Adult,No
1722,Crew,Male,Adult,No
1723,Crew,Male,Adult,No
1724,2nd,Male,Adult,No
1725,Crew,Male,Adult,No
1726,2nd,Female,Adult,Yes
1727,2nd,Male,Adult,No
1728,3rd,Male,Adult,No
1729,Crew,Male,Adult,No
1730,Crew,Male,Adult,No
1731,Crew,Male,Adult,No
1732,3rd,Male,Adult,No
1733,Crew,Male,Adult,Yes
1734,1st,Male,Adult,Yes
1735,2nd,Male,Adult,No
1736,2nd,Male,Adult,No
1737,3rd,Male,Adult,No
1738,3rd,Female,Adult,No
1739,1st,Male,Adult,No
1740,3rd,Female,Adult,No
1741,Crew,Male,Adult,Yes
1742,Crew,Male,Adult,No
1743,Crew,Female,Adult,Yes
1744,Crew,Male,Adult,No
1745,3rd,Female,Adult,Yes
1746,3rd,Male,Adult,No
1747,1st,Male,Adult,Yes
1748,3rd,Male,Adult,No
1749,1st,Male,Adult,No
1750,Crew,Male,Adult,Yes
1751,3rd,Male,Adult,No
1752,2nd,Female,Adult,Yes
1753,Crew,Male,Adult,Yes
1754,Crew,Male,Adult,No
1755,3rd,Male,Child,No
1756,3rd,Male,Adult,No
1757,3rd,Female,Adult,No
1758,2nd,Female,Adult,Yes
1759,Crew,Male,Adult,No
1760,3rd,Male,Adult,No
1761,1st,Female,Adult,Yes
1762,3rd,Male,Adult,Yes
1763,Crew,Male,Adult,Yes
1764,Crew,Male,Adult,Yes
1765,Crew,Male,Adult,Yes
1766,Crew,Male,Adult,No
1767,Crew,Female,Adult,Yes
1768,Crew,Male,Adult,No
1769,Crew,Male,Adult,No
1770,3rd,Male,Adult,No
1771,Crew,Male,Adult,No
1772,2nd,Female,Adult,Yes
1773,2nd,Male,Child,Yes
1774,1st,Male,Adult,Yes
1775,Crew,Male,Adult,No
1776,3rd,Male,Adult,No
1777,Crew,Male,Adult,No
1778,1st,Male,Adult,No
1779,Crew,Male,Adult,No
1780,1st,Male,Adult,No
1781,3rd,Female,Adult,No
1782,3rd,Male,Adult,No
1783,3rd,Male,Adult,No
1784,Crew,Male,Adult,No
1785,1st,Female,Adult,Yes
1786,Crew,Male,Adult,Yes
1787,3rd,Male,Adult,No
1788,2nd,Female,Adult,No
1789,3rd,Male,Adult,No
1790,3rd,Male,Adult,No
1791,1st,Female,Adult,Yes
1792,3rd,Female,Adult,Yes
1793,Crew,Male,Adult,Yes
1794,3rd,Male,Adult,No
1795,1st,Female,Adult,Yes
1796,Crew,Male,Adult,No
1797,2nd,Male,Adult,No
1798,2nd,Female,Adult,Yes
1799,Crew,Male,Adult,No
1800,3rd,Male,Adult,No
1801,3rd,Female,Adult,Yes
1802,2nd,Male,Adult,No
1803,Crew,Male,Adult,No
1804,3rd,Female,Adult,No
1805,2nd,Male,Adult,No
1806,2nd,Male,Adult,No
1807,3rd,Male,Adult,No
1808,Crew,Male,Adult,No
1809,Crew,Male,Adult,No
1810,1st,Male,Adult,Yes
1811,Crew,Female,Adult,No
1812,3rd,Female,Adult,Yes
1813,Crew,Male,Adult,No
1814,1st,Female,Adult,Yes
1815,Crew,Male,Adult,No
1816,Crew,Male,Adult,No
1817,3rd,Female,Adult,Yes
1818,3rd,Male,Adult,Yes
1819,1st,Female,Adult,Yes
1820,3rd,Female,Adult,No
1821,Crew,Male,Adult,Yes
1822,3rd,Female,Adult,No
1823,Crew,Male,Adult,No
1824,3rd,Male,Adult,No
1825,2nd,Male,Adult,No
1826,Crew,Male,Adult,No
1827,1st,Female,Adult,Yes
1828,3rd,Male,Adult,No
1829,Crew,Male,Adult,Yes
1830,Crew,Male,Adult,No
1831,3rd,Male,Adult,No
1832,Crew,Male,Adult,No
1833,Crew,Male,Adult,No
1834,3rd,Female,Adult,Yes
1835,Crew,Male,Adult,No
1836,2nd,Male,Adult,No
1837,Crew,Male,Adult,Yes
1838,1st,Male,Adult,No
1839,Crew,Male,Adult,No
1840,1st,Male,Adult,No
1841,3rd,Male,Child,No
1842,Crew,Male,Adult,No
1843,3rd,Female,Adult,Yes
1844,Crew,Male,Adult,No
1845,Crew,Male,Adult,No
1846,3rd,Male,Adult,No
1847,Crew,Male,Adult,Yes
1848,3rd,Male,Adult,Yes
1849,Crew,Male,Adult,No
1850,1st,Female,Adult,Yes
1851,2nd,Male,Adult,Yes
1852,3rd,Female,Adult,No
1853,3rd,Male,Child,No
1854,2nd,Female,Child,Yes
1855,1st,Male,Adult,Yes
1856,3rd,Male,Adult,No
1857,Crew,Male,Adult,No
1858,Crew,Male,Adult,No
1859,3rd,Male,Adult,No
1860,1st,Male,Adult,No
1861,3rd,Male,Adult,No
1862,3rd,Female,Adult,Yes
1863,1st,Male,Adult,No
1864,3rd,Male,Child,Yes
1865,Crew,Male,Adult,No
1866,Crew,Male,Adult,No
1867,Crew,Male,Adult,No
1868,Crew,Male,Adult,No
1869,Crew,Female,Adult,Yes
1870,Crew,Male,Adult,No
1871,3rd,Female,Child,No
1872,Crew,Male,Adult,No
1873,3rd,Male,Child,No
1874,2nd,Male,Adult,No
1875,2nd,Male,Adult,No
1876,Crew,Male,Adult,No
1877,1st,Female,Adult,Yes
1878,2nd,Male,Adult,No
1879,3rd,Female,Adult,Yes
1880,Crew,Male,Adult,No
1881,1st,Male,Child,Yes
1882,3rd,Male,Adult,Yes
1883,3rd,Male,Child,Yes
1884,3rd,Male,Child,No
1885,3rd,Male,Adult,Yes
1886,Crew,Male,Adult,No
1887,Crew,Male,Adult,No
1888,2nd,Female,Adult,Yes
1889,Crew,Male,Adult,No
1890,Crew,Male,Adult,Yes
1891,3rd,Female,Adult,Yes
1892,2nd,Male,Adult,No
1893,Crew,Male,Adult,No
1894,Crew,Male,Adult,No
1895,3rd,Male,Adult,No
1896,3rd,Male,Adult,No
1897,2nd,Male,Adult,No
1898,1st,Female,Adult,Yes
1899,Crew,Male,Adult,No
1900,Crew,Male,Adult,No
1901,Crew,Male,Adult,No
1902,1st,Male,Adult,No
1903,3rd,Female,Adult,No
1904,Crew,Male,Adult,No
1905,Crew,Male,Adult,No
1906,3rd,Male,Adult,No
1907,3rd,Male,Adult,Yes
1908,2nd,Male,Adult,No
1909,Crew,Male,Adult,No
1910,1st,Female,Child,Yes
1911,Crew,Male,Adult,Yes
1912,1st,Female,Adult,Yes
1913,Crew,Male,Adult,No
1914,Crew,Male,Adult,No
1915,Crew,Male,Adult,No
1916,1st,Female,Adult,Yes
1917,Crew,Male,Adult,No
1918,Crew,Male,Adult,No
1919,Crew,Male,Adult,No
1920,Crew,Male,Adult,No
1921,1st,Male,Adult,No
1922,3rd,Female,Adult,Yes
1923,2nd,Female,Child,Yes
1924,3rd,Female,Adult,Yes
1925,3rd,Male,Adult,No
1926,2nd,Male,Adult,No
1927,2nd,Female,Adult,Yes
1928,3rd,Female,Adult,No
1929,Crew,Male,Adult,Yes
1930,2nd,Male,Adult,No
1931,3rd,Male,Adult,Yes
1932,2nd,Male,Adult,No
1933,2nd,Female,Adult,Yes
1934,Crew,Male,Adult,No
1935,Crew,Male,Adult,No
1936,3rd,Male,Adult,No
1937,1st,Male,Adult,No
1938,2nd,Male,Adult,No
1939,Crew,Male,Adult,No
1940,2nd,Female,Adult,Yes
1941,2nd,Male,Adult,No
1942,3rd,Male,Adult,No
1943,Crew,Male,Adult,No
1944,Crew,Male,Adult,No
1945,2nd,Female,Adult,Yes
1946,Crew,Male,Adult,No
1947,Crew,Male,Adult,No
1948,Crew,Male,Adult,Yes
1949,2nd,Male,Adult,No
1950,Crew,Male,Adult,No
1951,Crew,Male,Adult,No
1952,Crew,Male,Adult,Yes
1953,2nd,Female,Adult,Yes
1954,1st,Female,Adult,Yes
1955,1st,Female,Adult,Yes
1956,2nd,Male,Adult,No
1957,Crew,Male,Adult,No
1958,Crew,Female,Adult,No
1959,Crew,Male,Adult,Yes
1960,3rd,Male,Adult,No
1961,3rd,Male,Adult,No
1962,3rd,Male,Child,No
1963,Crew,Male,Adult,No
1964,Crew,Male,Adult,No
1965,3rd,Male,Adult,No
1966,1st,Male,Adult,Yes
1967,Crew,Male,Adult,No
1968,Crew,Male,Adult,No
1969,Crew,Male,Adult,No
1970,3rd,Male,Adult,No
1971,Crew,Male,Adult,No
1972,Crew,Male,Adult,No
1973,Crew,Male,Adult,No
1974,Crew,Male,Adult,Yes
1975,1st,Male,Adult,No
1976,3rd,Male,Adult,No
1977,Crew,Male,Adult,Yes
1978,Crew,Male,Adult,No
1979,2nd,Female,Adult,Yes
1980,3rd,Male,Adult,No
1981,Crew,Male,Adult,No
1982,2nd,Male,Adult,No
1983,1st,Female,Adult,Yes
1984,3rd,Female,Adult,No
1985,1st,Female,Adult,Yes
1986,3rd,Male,Adult,Yes
1987,3rd,Female,Adult,Yes
1988,2nd,Male,Adult,No
1989,3rd,Male,Adult,No
1990,3rd,Male,Adult,No
1991,Crew,Male,Adult,No
1992,3rd,Female,Adult,No
1993,Crew,Male,Adult,No
1994,3rd,Female,Child,Yes
1995,2nd,Female,Adult,Yes
1996,2nd,Male,Adult,No
1997,1st,Male,Adult,No
1998,3rd,Male,Adult,No
1999,Crew,Male,Adult,No
2000,3rd,Female,Adult,No
2001,Crew,Male,Adult,Yes
2002,Crew,Male,Adult,Yes
2003,Crew,Male,Adult,No
2004,1st,Female,Adult,Yes
2005,Crew,Male,Adult,No
2006,2nd,Male,Adult,No
2007,2nd,Male,Adult,No
2008,1st,Female,Adult,Yes
2009,3rd,Male,Adult,No
2010,3rd,Male,Adult,No
2011,Crew,Male,Adult,Yes
2012,3rd,Male,Adult,No
2013,3rd,Female,Adult,No
2014,Crew,Male,Adult,Yes
2015,3rd,Female,Adult,Yes
2016,3rd,Male,Adult,No
2017,Crew,Male,Adult,No
2018,Crew,Male,Adult,No
2019,1st,Male,Adult,No
2020,1st,Male,Adult,No
2021,2nd,Female,Adult,Yes
2022,Crew,Male,Adult,No
2023,Crew,Male,Adult,No
2024,Crew,Female,Adult,No
2025,3rd,Female,Adult,Yes
2026,3rd,Female,Child,No
2027,Crew,Male,Adult,No
2028,3rd,Male,Child,No
2029,3rd,Male,Child,No
2030,3rd,Male,Adult,No
2031,Crew,Male,Adult,No
2032,3rd,Male,Adult,No
2033,3rd,Female,Adult,Yes
2034,Crew,Male,Adult,No
2035,3rd,Male,Adult,No
2036,Crew,Male,Adult,Yes
2037,2nd,Male,Adult,No
2038,Crew,Male,Adult,No
2039,Crew,Male,Adult,No
2040,3rd,Male,Adult,No
2041,3rd,Male,Adult,Yes
2042,Crew,Male,Adult,Yes
2043,3rd,Male,Adult,No
2044,Crew,Male,Adult,No
2045,3rd,Male,Adult,No
2046,3rd,Male,Adult,No
2047,Crew,Male,Adult,Yes
2048,3rd,Male,Adult,No
2049,Crew,Male,Adult,No
2050,2nd,Female,Adult,No
2051,2nd,Male,Adult,No
2052,Crew,Male,Adult,No
2053,2nd,Male,Adult,No
2054,3rd,Male,Adult,No
2055,2nd,Male,Adult,No
2056,Crew,Male,Adult,No
2057,2nd,Female,Adult,Yes
2058,Crew,Male,Adult,No
2059,3rd,Male,Child,No
2060,Crew,Male,Adult,No
2061,3rd,Male,Adult,No
2062,Crew,Male,Adult,Yes
2063,Crew,Male,Adult,No
2064,3rd,Male,Adult,Yes
2065,3rd,Male,Adult,No
2066,1st,Female,Adult,Yes
2067,Crew,Male,Adult,No
2068,3rd,Female,Adult,No
2069,1st,Female,Adult,Yes
2070,3rd,Male,Child,No
2071,3rd,Male,Adult,No
2072,3rd,Female,Adult,Yes
2073,3rd,Male,Adult,No
2074,Crew,Male,Adult,No
2075,1st,Female,Adult,Yes
2076,1st,Male,Adult,Yes
2077,3rd,Male,Adult,No
2078,Crew,Male,Adult,No
2079,Crew,Male,Adult,No
2080,Crew,Male,Adult,No
2081,3rd,Male,Adult,No
2082,3rd,Male,Child,Yes
2083,3rd,Male,Adult,Yes
2084,3rd,Male,Adult,No
2085,3rd,Male,Adult,No
2086,1st,Female,Adult,Yes
2087,3rd,Male,Adult,Yes
2088,1st,Male,Adult,Yes
2089,3rd,Male,Adult,Yes
2090,1st,Male,Adult,No
2091,Crew,Female,Adult,Yes
2092,3rd,Female,Adult,No
2093,Crew,Male,Adult,No
2094,2nd,Female,Adult,Yes
2095,2nd,Female,Adult,Yes
2096,2nd,Female,Child,Yes
2097,Crew,Male,Adult,No
2098,3rd,Female,Adult,Yes
2099,2nd,Male,Adult,Yes
2100,1st,Male,Adult,Yes
2101,3rd,Male,Adult,No
2102,2nd,Female,Adult,Yes
2103,1st,Female,Adult,Yes
2104,Crew,Male,Adult,No
2105,Crew,Male,Adult,No
2106,Crew,Male,Adult,No
2107,2nd,Male,Adult,No
2108,Crew,Male,Adult,No
2109,1st,Male,Adult,Yes
2110,1st,Male,Adult,No
2111,3rd,Male,Adult,No
2112,Crew,Male,Adult,Yes
2113,1st,Male,Adult,Yes
2114,Crew,Male,Adult,Yes
2115,3rd,Male,Adult,No
2116,2nd,Female,Adult,Yes
2117,Crew,Male,Adult,Yes
2118,Crew,Male,Adult,No
2119,2nd,Male,Adult,No
2120,Crew,Male,Adult,No
2121,Crew,Male,Adult,Yes
2122,Crew,Male,Adult,Yes
2123,1st,Female,Adult,Yes
2124,Crew,Female,Adult,Yes
2125,3rd,Male,Adult,Yes
2126,3rd,Male,Adult,No
2127,3rd,Female,Adult,Yes
2128,Crew,Male,Adult,No
2129,Crew,Male,Adult,No
2130,Crew,Male,Adult,No
2131,Crew,Male,Adult,No
2132,Crew,Male,Adult,No
2133,Crew,Male,Adult,No
2134,3rd,Male,Adult,No
2135,3rd,Male,Adult,No
2136,3rd,Male,Adult,No
2137,Crew,Male,Adult,Yes
2138,Crew,Male,Adult,No
2139,Crew,Female,Adult,Yes
2140,3rd,Male,Adult,No
2141,3rd,Male,Adult,No
2142,3rd,Female,Adult,No
2143,Crew,Male,Adult,No
2144,Crew,Male,Adult,No
2145,3rd,Male,Adult,No
2146,3rd,Male,Adult,No
2147,Crew,Male,Adult,No
2148,Crew,Male,Adult,No
2149,Crew,Male,Adult,No
2150,3rd,Male,Adult,No
2151,Crew,Male,Adult,No
2152,3rd,Male,Adult,Yes
2153,Crew,Male,Adult,Yes
2154,3rd,Male,Adult,No
2155,2nd,Male,Adult,No
2156,Crew,Male,Adult,No
2157,3rd,Female,Adult,No
2158,2nd,Male,Adult,No
2159,Crew,Male,Adult,No
2160,Crew,Male,Adult,No
2161,3rd,Female,Adult,Yes
2162,Crew,Male,Adult,Yes
2163,1st,Male,Adult,No
2164,3rd,Male,Adult,Yes
2165,Crew,Female,Adult,Yes
2166,3rd,Female,Adult,Yes
2167,2nd,Male,Adult,No
2168,2nd,Male,Adult,No
2169,3rd,Female,Adult,Yes
2170,3rd,Female,Adult,Yes
2171,Crew,Male,Adult,Yes
2172,3rd,Female,Adult,Yes
2173,3rd,Male,Adult,No
2174,Crew,Male,Adult,No
2175,3rd,Female,Adult,Yes
2176,1st,Male,Adult,No
2177,3rd,Male,Adult,No
2178,Crew,Male,Adult,Yes
2179,Crew,Male,Adult,Yes
2180,Crew,Female,Adult,Yes
2181,1st,Male,Adult,No
2182,Crew,Male,Adult,Yes
2183,1st,Male,Adult,Yes
2184,Crew,Male,Adult,No
2185,Crew,Male,Adult,No
2186,1st,Female,Adult,Yes
2187,3rd,Male,Adult,No
2188,3rd,Male,Adult,No
2189,2nd,Male,Adult,No
2190,Crew,Male,Adult,Yes
2191,Crew,Male,Adult,Yes
2192,Crew,Male,Adult,No
2193,Crew,Male,Adult,No
2194,2nd,Male,Adult,No
2195,3rd,Male,Adult,Yes
2196,Crew,Male,Adult,Yes
2197,Crew,Male,Adult,No
2198,Crew,Male,Adult,Yes
2199,3rd,Male,Adult,No
2200,Crew,Male,Adult,No
2201,1st,Male,Adult,No
